Document,Label
I was expecting a high-quality product but it turned out to be broken. I was expecting a high-quality product but it turned out to be broken. It seems like the product has a broken issue. The item I received was broken. I'm not happy with the quality. The item I received was broken. I'm not happy with the quality. I was expecting a high-quality product but it turned out to be broken. I was expecting a high-quality product but it turned out to be broken. I was expecting a high-quality product but it turned out to be broken. I was expecting a high-quality product but it turned out to be broken. I'm just adding this sentence for noise.,Product
It seems like the product has a malfunction issue. I was expecting a high-quality product but it turned out to be malfunction. I was expecting a high-quality product but it turned out to be malfunction. It seems like the product has a malfunction issue. The item I received was malfunction. I'm not happy with the quality. The item I received was malfunction. I'm not happy with the quality. I was expecting a high-quality product but it turned out to be malfunction. It seems like the product has a malfunction issue. The item I received was malfunction. I'm not happy with the quality. I read this on a forum.,Product
"The item I received was defective. I'm not happy with the quality. It seems like the product has a defective issue. The item I received was defective. I'm not happy with the quality. It seems like the product has a defective issue. The item I received was defective. I'm not happy with the quality. It seems like the product has a defective issue. It seems like the product has a defective issue. The item I received was defective. I'm not happy with the quality. I was expecting a high-quality product but it turned out to be defective. It seems like the product has a defective issue. By the way, my favorite color is blue.",Product
"I was expecting a high-quality product but it turned out to be malfunction. I was expecting a high-quality product but it turned out to be malfunction. The item I received was malfunction. I'm not happy with the quality. The item I received was malfunction. I'm not happy with the quality. It seems like the product has a malfunction issue. The item I received was malfunction. I'm not happy with the quality. The item I received was malfunction. I'm not happy with the quality. I was expecting a high-quality product but it turned out to be malfunction. It seems like the product has a malfunction issue. By the way, my favorite color is blue.",Product
I was expecting a high-quality product but it turned out to be defective. The item I received was defective. I'm not happy with the quality. I was expecting a high-quality product but it turned out to be defective. I was expecting a high-quality product but it turned out to be defective. The item I received was defective. I'm not happy with the quality. The item I received was defective. I'm not happy with the quality. It seems like the product has a defective issue. It seems like the product has a defective issue. I was expecting a high-quality product but it turned out to be defective. I'm just adding this sentence for noise.,Product
It seems like the product has a defective issue. It seems like the product has a defective issue. It seems like the product has a defective issue. The item I received was defective. I'm not happy with the quality. The item I received was defective. I'm not happy with the quality. The item I received was defective. I'm not happy with the quality. It seems like the product has a defective issue. It seems like the product has a defective issue. The item I received was defective. I'm not happy with the quality. I was expecting a high-quality product but it turned out to be defective. I'm just adding this sentence for noise.,Product
I was expecting a high-quality product but it turned out to be defective. It seems like the product has a defective issue. The item I received was defective. I'm not happy with the quality. I was expecting a high-quality product but it turned out to be defective. The item I received was defective. I'm not happy with the quality. The item I received was defective. I'm not happy with the quality. I was expecting a high-quality product but it turned out to be defective. The item I received was defective. I'm not happy with the quality. I was expecting a high-quality product but it turned out to be defective. I read this on a forum.,Product
I was expecting a high-quality product but it turned out to be broken. The item I received was broken. I'm not happy with the quality. I was expecting a high-quality product but it turned out to be broken. It seems like the product has a broken issue. I was expecting a high-quality product but it turned out to be broken. It seems like the product has a broken issue. The item I received was broken. I'm not happy with the quality. I was expecting a high-quality product but it turned out to be broken. It seems like the product has a broken issue. Did you watch the game last night?,Product
I was expecting a high-quality product but it turned out to be defective. The item I received was defective. I'm not happy with the quality. I was expecting a high-quality product but it turned out to be defective. I was expecting a high-quality product but it turned out to be defective. I was expecting a high-quality product but it turned out to be defective. It seems like the product has a defective issue. It seems like the product has a defective issue. It seems like the product has a defective issue. I was expecting a high-quality product but it turned out to be defective. I hope the weather is good tomorrow.,Product
The item I received was defective. I'm not happy with the quality. I was expecting a high-quality product but it turned out to be defective. It seems like the product has a defective issue. It seems like the product has a defective issue. The item I received was defective. I'm not happy with the quality. The item I received was defective. I'm not happy with the quality. The item I received was defective. I'm not happy with the quality. The item I received was defective. I'm not happy with the quality. It seems like the product has a defective issue. I hope the weather is good tomorrow.,Product
I was expecting a high-quality product but it turned out to be malfunction. The item I received was malfunction. I'm not happy with the quality. The item I received was malfunction. I'm not happy with the quality. I was expecting a high-quality product but it turned out to be malfunction. I was expecting a high-quality product but it turned out to be malfunction. The item I received was malfunction. I'm not happy with the quality. The item I received was malfunction. I'm not happy with the quality. I was expecting a high-quality product but it turned out to be malfunction. Random words for no reason.,Product
"It seems like the product has a defective issue. The item I received was defective. I'm not happy with the quality. The item I received was defective. I'm not happy with the quality. I was expecting a high-quality product but it turned out to be defective. The item I received was defective. I'm not happy with the quality. It seems like the product has a defective issue. The item I received was defective. I'm not happy with the quality. It seems like the product has a defective issue. I was expecting a high-quality product but it turned out to be defective. By the way, my favorite color is blue.",Product
It seems like the product has a broken issue. It seems like the product has a broken issue. The item I received was broken. I'm not happy with the quality. I was expecting a high-quality product but it turned out to be broken. I was expecting a high-quality product but it turned out to be broken. It seems like the product has a broken issue. I was expecting a high-quality product but it turned out to be broken. The item I received was broken. I'm not happy with the quality. The item I received was broken. I'm not happy with the quality. I'm just adding this sentence for noise.,Product
It seems like the product has a broken issue. I was expecting a high-quality product but it turned out to be broken. I was expecting a high-quality product but it turned out to be broken. I was expecting a high-quality product but it turned out to be broken. I was expecting a high-quality product but it turned out to be broken. It seems like the product has a broken issue. It seems like the product has a broken issue. It seems like the product has a broken issue. The item I received was broken. I'm not happy with the quality. I hope the weather is good tomorrow.,Product
The item I received was broken. I'm not happy with the quality. The item I received was broken. I'm not happy with the quality. It seems like the product has a broken issue. I was expecting a high-quality product but it turned out to be broken. The item I received was broken. I'm not happy with the quality. It seems like the product has a broken issue. The item I received was broken. I'm not happy with the quality. It seems like the product has a broken issue. I was expecting a high-quality product but it turned out to be broken. Random words for no reason.,Product
It seems like the product has a malfunction issue. The item I received was malfunction. I'm not happy with the quality. It seems like the product has a malfunction issue. It seems like the product has a malfunction issue. It seems like the product has a malfunction issue. I was expecting a high-quality product but it turned out to be malfunction. It seems like the product has a malfunction issue. It seems like the product has a malfunction issue. I was expecting a high-quality product but it turned out to be malfunction. It seems like the product has a malfunction issue. Random words for no reason.,Product
"It seems like the product has a malfunction issue. It seems like the product has a malfunction issue. It seems like the product has a malfunction issue. The item I received was malfunction. I'm not happy with the quality. I was expecting a high-quality product but it turned out to be malfunction. The item I received was malfunction. I'm not happy with the quality. The item I received was malfunction. I'm not happy with the quality. It seems like the product has a malfunction issue. It seems like the product has a malfunction issue. I was expecting a high-quality product but it turned out to be malfunction. By the way, my favorite color is blue.",Product
"The item I received was broken. I'm not happy with the quality. It seems like the product has a broken issue. I was expecting a high-quality product but it turned out to be broken. It seems like the product has a broken issue. It seems like the product has a broken issue. It seems like the product has a broken issue. I was expecting a high-quality product but it turned out to be broken. I was expecting a high-quality product but it turned out to be broken. The item I received was broken. I'm not happy with the quality. I was expecting a high-quality product but it turned out to be broken. By the way, my favorite color is blue.",Product
I was expecting a high-quality product but it turned out to be broken. It seems like the product has a broken issue. I was expecting a high-quality product but it turned out to be broken. The item I received was broken. I'm not happy with the quality. I was expecting a high-quality product but it turned out to be broken. I was expecting a high-quality product but it turned out to be broken. It seems like the product has a broken issue. The item I received was broken. I'm not happy with the quality. The item I received was broken. I'm not happy with the quality. Did you watch the game last night?,Product
I was expecting a high-quality product but it turned out to be broken. I was expecting a high-quality product but it turned out to be broken. It seems like the product has a broken issue. The item I received was broken. I'm not happy with the quality. I was expecting a high-quality product but it turned out to be broken. The item I received was broken. I'm not happy with the quality. The item I received was broken. I'm not happy with the quality. I was expecting a high-quality product but it turned out to be broken. I was expecting a high-quality product but it turned out to be broken. Did you watch the game last night?,Product
The delivery was unresponsive by a week. This is not acceptable. The delivery was unresponsive by a week. This is not acceptable. The support team is unresponsive. I've been waiting for a response for days. The delivery was unresponsive by a week. This is not acceptable. I found the customer service to be unresponsive. The delivery was unresponsive by a week. This is not acceptable. The support team is unresponsive. I've been waiting for a response for days. The support team is unresponsive. I've been waiting for a response for days. The support team is unresponsive. I've been waiting for a response for days. Random words for no reason.,Service
The delivery was unresponsive by a week. This is not acceptable. The support team is unresponsive. I've been waiting for a response for days. I found the customer service to be unresponsive. The support team is unresponsive. I've been waiting for a response for days. The support team is unresponsive. I've been waiting for a response for days. The support team is unresponsive. I've been waiting for a response for days. I found the customer service to be unresponsive. I found the customer service to be unresponsive. The support team is unresponsive. I've been waiting for a response for days. I'm just adding this sentence for noise.,Service
I found the customer service to be delayed. The delivery was delayed by a week. This is not acceptable. I found the customer service to be delayed. The delivery was delayed by a week. This is not acceptable. I found the customer service to be delayed. The delivery was delayed by a week. This is not acceptable. The delivery was delayed by a week. This is not acceptable. The support team is delayed. I've been waiting for a response for days. The delivery was delayed by a week. This is not acceptable. I found the customer service to be delayed. I hope the weather is good tomorrow.,Service
The support team is unsatisfactory. I've been waiting for a response for days. I found the customer service to be unsatisfactory. The delivery was unsatisfactory by a week. This is not acceptable. The delivery was unsatisfactory by a week. This is not acceptable. The support team is unsatisfactory. I've been waiting for a response for days. The delivery was unsatisfactory by a week. This is not acceptable. The support team is unsatisfactory. I've been waiting for a response for days. The delivery was unsatisfactory by a week. This is not acceptable. I found the customer service to be unsatisfactory. The support team is unsatisfactory. I've been waiting for a response for days. Random words for no reason.,Service
The support team is unsatisfactory. I've been waiting for a response for days. The delivery was unsatisfactory by a week. This is not acceptable. The delivery was unsatisfactory by a week. This is not acceptable. I found the customer service to be unsatisfactory. I found the customer service to be unsatisfactory. I found the customer service to be unsatisfactory. The delivery was unsatisfactory by a week. This is not acceptable. The delivery was unsatisfactory by a week. This is not acceptable. I found the customer service to be unsatisfactory. The delivery was unsatisfactory by a week. This is not acceptable. I'm just adding this sentence for noise.,Service
The support team is unsatisfactory. I've been waiting for a response for days. The support team is unsatisfactory. I've been waiting for a response for days. The support team is unsatisfactory. I've been waiting for a response for days. The delivery was unsatisfactory by a week. This is not acceptable. I found the customer service to be unsatisfactory. I found the customer service to be unsatisfactory. I found the customer service to be unsatisfactory. The support team is unsatisfactory. I've been waiting for a response for days. I found the customer service to be unsatisfactory. The delivery was unsatisfactory by a week. This is not acceptable. Did you watch the game last night?,Service
I found the customer service to be delayed. The support team is delayed. I've been waiting for a response for days. The delivery was delayed by a week. This is not acceptable. The delivery was delayed by a week. This is not acceptable. The delivery was delayed by a week. This is not acceptable. The support team is delayed. I've been waiting for a response for days. The delivery was delayed by a week. This is not acceptable. I found the customer service to be delayed. I found the customer service to be delayed. I found the customer service to be delayed. Did you watch the game last night?,Service
"The support team is unsatisfactory. I've been waiting for a response for days. The delivery was unsatisfactory by a week. This is not acceptable. The delivery was unsatisfactory by a week. This is not acceptable. The support team is unsatisfactory. I've been waiting for a response for days. The delivery was unsatisfactory by a week. This is not acceptable. The delivery was unsatisfactory by a week. This is not acceptable. The delivery was unsatisfactory by a week. This is not acceptable. The delivery was unsatisfactory by a week. This is not acceptable. The support team is unsatisfactory. I've been waiting for a response for days. By the way, my favorite color is blue.",Service
I found the customer service to be unresponsive. The support team is unresponsive. I've been waiting for a response for days. The delivery was unresponsive by a week. This is not acceptable. The delivery was unresponsive by a week. This is not acceptable. The delivery was unresponsive by a week. This is not acceptable. The delivery was unresponsive by a week. This is not acceptable. The support team is unresponsive. I've been waiting for a response for days. I found the customer service to be unresponsive. I found the customer service to be unresponsive. The delivery was unresponsive by a week. This is not acceptable. Did you watch the game last night?,Service
"The delivery was unresponsive by a week. This is not acceptable. The delivery was unresponsive by a week. This is not acceptable. I found the customer service to be unresponsive. The delivery was unresponsive by a week. This is not acceptable. The support team is unresponsive. I've been waiting for a response for days. The support team is unresponsive. I've been waiting for a response for days. I found the customer service to be unresponsive. The support team is unresponsive. I've been waiting for a response for days. The support team is unresponsive. I've been waiting for a response for days. By the way, my favorite color is blue.",Service
The delivery was delayed by a week. This is not acceptable. I found the customer service to be delayed. The delivery was delayed by a week. This is not acceptable. The delivery was delayed by a week. This is not acceptable. The delivery was delayed by a week. This is not acceptable. The support team is delayed. I've been waiting for a response for days. The support team is delayed. I've been waiting for a response for days. The support team is delayed. I've been waiting for a response for days. I found the customer service to be delayed. The delivery was delayed by a week. This is not acceptable. I'm just adding this sentence for noise.,Service
The support team is unresponsive. I've been waiting for a response for days. I found the customer service to be unresponsive. The support team is unresponsive. I've been waiting for a response for days. The support team is unresponsive. I've been waiting for a response for days. The delivery was unresponsive by a week. This is not acceptable. I found the customer service to be unresponsive. The delivery was unresponsive by a week. This is not acceptable. The support team is unresponsive. I've been waiting for a response for days. I found the customer service to be unresponsive. The support team is unresponsive. I've been waiting for a response for days. Did you watch the game last night?,Service
The delivery was unsatisfactory by a week. This is not acceptable. I found the customer service to be unsatisfactory. The delivery was unsatisfactory by a week. This is not acceptable. The delivery was unsatisfactory by a week. This is not acceptable. I found the customer service to be unsatisfactory. I found the customer service to be unsatisfactory. I found the customer service to be unsatisfactory. The support team is unsatisfactory. I've been waiting for a response for days. The delivery was unsatisfactory by a week. This is not acceptable. The support team is unsatisfactory. I've been waiting for a response for days. I read this on a forum.,Service
The support team is unsatisfactory. I've been waiting for a response for days. I found the customer service to be unsatisfactory. The delivery was unsatisfactory by a week. This is not acceptable. I found the customer service to be unsatisfactory. The support team is unsatisfactory. I've been waiting for a response for days. I found the customer service to be unsatisfactory. I found the customer service to be unsatisfactory. I found the customer service to be unsatisfactory. The support team is unsatisfactory. I've been waiting for a response for days. I found the customer service to be unsatisfactory. The support team is unsatisfactory. I've been waiting for a response for days. I hope the weather is good tomorrow.,Service
"I found the customer service to be unresponsive. I found the customer service to be unresponsive. I found the customer service to be unresponsive. The support team is unresponsive. I've been waiting for a response for days. The delivery was unresponsive by a week. This is not acceptable. I found the customer service to be unresponsive. I found the customer service to be unresponsive. I found the customer service to be unresponsive. The support team is unresponsive. I've been waiting for a response for days. I found the customer service to be unresponsive. The support team is unresponsive. I've been waiting for a response for days. By the way, my favorite color is blue.",Service
The support team is delayed. I've been waiting for a response for days. I found the customer service to be delayed. I found the customer service to be delayed. I found the customer service to be delayed. The delivery was delayed by a week. This is not acceptable. I found the customer service to be delayed. The support team is delayed. I've been waiting for a response for days. The support team is delayed. I've been waiting for a response for days. The support team is delayed. I've been waiting for a response for days. The support team is delayed. I've been waiting for a response for days. I read this on a forum.,Service
I found the customer service to be delayed. The delivery was delayed by a week. This is not acceptable. The delivery was delayed by a week. This is not acceptable. The support team is delayed. I've been waiting for a response for days. The support team is delayed. I've been waiting for a response for days. I found the customer service to be delayed. I found the customer service to be delayed. The support team is delayed. I've been waiting for a response for days. I found the customer service to be delayed. The support team is delayed. I've been waiting for a response for days. Did you watch the game last night?,Service
The support team is unsatisfactory. I've been waiting for a response for days. The delivery was unsatisfactory by a week. This is not acceptable. The support team is unsatisfactory. I've been waiting for a response for days. I found the customer service to be unsatisfactory. I found the customer service to be unsatisfactory. The delivery was unsatisfactory by a week. This is not acceptable. The delivery was unsatisfactory by a week. This is not acceptable. The delivery was unsatisfactory by a week. This is not acceptable. The delivery was unsatisfactory by a week. This is not acceptable. The support team is unsatisfactory. I've been waiting for a response for days. I hope the weather is good tomorrow.,Service
The support team is delayed. I've been waiting for a response for days. I found the customer service to be delayed. The support team is delayed. I've been waiting for a response for days. The support team is delayed. I've been waiting for a response for days. I found the customer service to be delayed. The delivery was delayed by a week. This is not acceptable. The delivery was delayed by a week. This is not acceptable. I found the customer service to be delayed. I found the customer service to be delayed. The support team is delayed. I've been waiting for a response for days. I hope the weather is good tomorrow.,Service
I found the customer service to be delayed. The delivery was delayed by a week. This is not acceptable. I found the customer service to be delayed. I found the customer service to be delayed. I found the customer service to be delayed. The support team is delayed. I've been waiting for a response for days. The support team is delayed. I've been waiting for a response for days. The support team is delayed. I've been waiting for a response for days. The delivery was delayed by a week. This is not acceptable. I found the customer service to be delayed. Did you watch the game last night?,Service
The invoice amount is unexpected. It doesn't match with my records. The invoice amount is unexpected. It doesn't match with my records. I saw an unexpected charge on my account. Can you help? I was unexpected on my recent purchase. Please rectify this. I was unexpected on my recent purchase. Please rectify this. The invoice amount is unexpected. It doesn't match with my records. I saw an unexpected charge on my account. Can you help? I was unexpected on my recent purchase. Please rectify this. I saw an unexpected charge on my account. Can you help? The invoice amount is unexpected. It doesn't match with my records. Random words for no reason.,Billing
I was incorrect on my recent purchase. Please rectify this. I saw an incorrect charge on my account. Can you help? I saw an incorrect charge on my account. Can you help? The invoice amount is incorrect. It doesn't match with my records. I was incorrect on my recent purchase. Please rectify this. I saw an incorrect charge on my account. Can you help? The invoice amount is incorrect. It doesn't match with my records. The invoice amount is incorrect. It doesn't match with my records. I was incorrect on my recent purchase. Please rectify this. The invoice amount is incorrect. It doesn't match with my records. Did you watch the game last night?,Billing
I was overcharged on my recent purchase. Please rectify this. I saw an overcharged charge on my account. Can you help? I was overcharged on my recent purchase. Please rectify this. I saw an overcharged charge on my account. Can you help? The invoice amount is overcharged. It doesn't match with my records. I was overcharged on my recent purchase. Please rectify this. The invoice amount is overcharged. It doesn't match with my records. I saw an overcharged charge on my account. Can you help? The invoice amount is overcharged. It doesn't match with my records. I was overcharged on my recent purchase. Please rectify this. Random words for no reason.,Billing
I saw an overcharged charge on my account. Can you help? The invoice amount is overcharged. It doesn't match with my records. I saw an overcharged charge on my account. Can you help? I was overcharged on my recent purchase. Please rectify this. The invoice amount is overcharged. It doesn't match with my records. The invoice amount is overcharged. It doesn't match with my records. The invoice amount is overcharged. It doesn't match with my records. The invoice amount is overcharged. It doesn't match with my records. The invoice amount is overcharged. It doesn't match with my records. The invoice amount is overcharged. It doesn't match with my records. Random words for no reason.,Billing
The invoice amount is incorrect. It doesn't match with my records. I saw an incorrect charge on my account. Can you help? I saw an incorrect charge on my account. Can you help? I was incorrect on my recent purchase. Please rectify this. I saw an incorrect charge on my account. Can you help? I was incorrect on my recent purchase. Please rectify this. I saw an incorrect charge on my account. Can you help? I saw an incorrect charge on my account. Can you help? I saw an incorrect charge on my account. Can you help? I was incorrect on my recent purchase. Please rectify this. I read this on a forum.,Billing
I was incorrect on my recent purchase. Please rectify this. I saw an incorrect charge on my account. Can you help? The invoice amount is incorrect. It doesn't match with my records. I saw an incorrect charge on my account. Can you help? The invoice amount is incorrect. It doesn't match with my records. I saw an incorrect charge on my account. Can you help? I saw an incorrect charge on my account. Can you help? I was incorrect on my recent purchase. Please rectify this. The invoice amount is incorrect. It doesn't match with my records. The invoice amount is incorrect. It doesn't match with my records. Random words for no reason.,Billing
I saw an incorrect charge on my account. Can you help? I was incorrect on my recent purchase. Please rectify this. I was incorrect on my recent purchase. Please rectify this. I saw an incorrect charge on my account. Can you help? The invoice amount is incorrect. It doesn't match with my records. I saw an incorrect charge on my account. Can you help? The invoice amount is incorrect. It doesn't match with my records. The invoice amount is incorrect. It doesn't match with my records. The invoice amount is incorrect. It doesn't match with my records. I was incorrect on my recent purchase. Please rectify this. I read this on a forum.,Billing
I was unexpected on my recent purchase. Please rectify this. I saw an unexpected charge on my account. Can you help? I was unexpected on my recent purchase. Please rectify this. The invoice amount is unexpected. It doesn't match with my records. I was unexpected on my recent purchase. Please rectify this. The invoice amount is unexpected. It doesn't match with my records. The invoice amount is unexpected. It doesn't match with my records. The invoice amount is unexpected. It doesn't match with my records. The invoice amount is unexpected. It doesn't match with my records. The invoice amount is unexpected. It doesn't match with my records. I hope the weather is good tomorrow.,Billing
I saw an overcharged charge on my account. Can you help? I saw an overcharged charge on my account. Can you help? I was overcharged on my recent purchase. Please rectify this. I was overcharged on my recent purchase. Please rectify this. I was overcharged on my recent purchase. Please rectify this. The invoice amount is overcharged. It doesn't match with my records. I was overcharged on my recent purchase. Please rectify this. The invoice amount is overcharged. It doesn't match with my records. I was overcharged on my recent purchase. Please rectify this. I was overcharged on my recent purchase. Please rectify this. Random words for no reason.,Billing
The invoice amount is incorrect. It doesn't match with my records. I was incorrect on my recent purchase. Please rectify this. I saw an incorrect charge on my account. Can you help? I was incorrect on my recent purchase. Please rectify this. The invoice amount is incorrect. It doesn't match with my records. The invoice amount is incorrect. It doesn't match with my records. I was incorrect on my recent purchase. Please rectify this. I was incorrect on my recent purchase. Please rectify this. The invoice amount is incorrect. It doesn't match with my records. I was incorrect on my recent purchase. Please rectify this. I'm just adding this sentence for noise.,Billing
I was unexpected on my recent purchase. Please rectify this. I was unexpected on my recent purchase. Please rectify this. I saw an unexpected charge on my account. Can you help? I saw an unexpected charge on my account. Can you help? The invoice amount is unexpected. It doesn't match with my records. I saw an unexpected charge on my account. Can you help? I was unexpected on my recent purchase. Please rectify this. I was unexpected on my recent purchase. Please rectify this. I was unexpected on my recent purchase. Please rectify this. I saw an unexpected charge on my account. Can you help? I hope the weather is good tomorrow.,Billing
I was unexpected on my recent purchase. Please rectify this. The invoice amount is unexpected. It doesn't match with my records. I saw an unexpected charge on my account. Can you help? I saw an unexpected charge on my account. Can you help? I was unexpected on my recent purchase. Please rectify this. I was unexpected on my recent purchase. Please rectify this. I saw an unexpected charge on my account. Can you help? The invoice amount is unexpected. It doesn't match with my records. The invoice amount is unexpected. It doesn't match with my records. The invoice amount is unexpected. It doesn't match with my records. I'm just adding this sentence for noise.,Billing
I was incorrect on my recent purchase. Please rectify this. I was incorrect on my recent purchase. Please rectify this. I saw an incorrect charge on my account. Can you help? The invoice amount is incorrect. It doesn't match with my records. I was incorrect on my recent purchase. Please rectify this. The invoice amount is incorrect. It doesn't match with my records. I saw an incorrect charge on my account. Can you help? The invoice amount is incorrect. It doesn't match with my records. I was incorrect on my recent purchase. Please rectify this. I saw an incorrect charge on my account. Can you help? I hope the weather is good tomorrow.,Billing
The invoice amount is incorrect. It doesn't match with my records. I was incorrect on my recent purchase. Please rectify this. I saw an incorrect charge on my account. Can you help? The invoice amount is incorrect. It doesn't match with my records. The invoice amount is incorrect. It doesn't match with my records. I saw an incorrect charge on my account. Can you help? The invoice amount is incorrect. It doesn't match with my records. I saw an incorrect charge on my account. Can you help? I was incorrect on my recent purchase. Please rectify this. The invoice amount is incorrect. It doesn't match with my records. I read this on a forum.,Billing
I was incorrect on my recent purchase. Please rectify this. I was incorrect on my recent purchase. Please rectify this. The invoice amount is incorrect. It doesn't match with my records. I saw an incorrect charge on my account. Can you help? I saw an incorrect charge on my account. Can you help? The invoice amount is incorrect. It doesn't match with my records. I was incorrect on my recent purchase. Please rectify this. I was incorrect on my recent purchase. Please rectify this. The invoice amount is incorrect. It doesn't match with my records. I saw an incorrect charge on my account. Can you help? I read this on a forum.,Billing
I was overcharged on my recent purchase. Please rectify this. The invoice amount is overcharged. It doesn't match with my records. I was overcharged on my recent purchase. Please rectify this. I saw an overcharged charge on my account. Can you help? I was overcharged on my recent purchase. Please rectify this. I was overcharged on my recent purchase. Please rectify this. I saw an overcharged charge on my account. Can you help? I saw an overcharged charge on my account. Can you help? The invoice amount is overcharged. It doesn't match with my records. I saw an overcharged charge on my account. Can you help? Did you watch the game last night?,Billing
The invoice amount is overcharged. It doesn't match with my records. I saw an overcharged charge on my account. Can you help? I was overcharged on my recent purchase. Please rectify this. I saw an overcharged charge on my account. Can you help? I was overcharged on my recent purchase. Please rectify this. I saw an overcharged charge on my account. Can you help? I saw an overcharged charge on my account. Can you help? I was overcharged on my recent purchase. Please rectify this. The invoice amount is overcharged. It doesn't match with my records. I was overcharged on my recent purchase. Please rectify this. Random words for no reason.,Billing
"The invoice amount is overcharged. It doesn't match with my records. I saw an overcharged charge on my account. Can you help? I was overcharged on my recent purchase. Please rectify this. I saw an overcharged charge on my account. Can you help? The invoice amount is overcharged. It doesn't match with my records. I was overcharged on my recent purchase. Please rectify this. I was overcharged on my recent purchase. Please rectify this. I was overcharged on my recent purchase. Please rectify this. The invoice amount is overcharged. It doesn't match with my records. The invoice amount is overcharged. It doesn't match with my records. By the way, my favorite color is blue.",Billing
I was incorrect on my recent purchase. Please rectify this. The invoice amount is incorrect. It doesn't match with my records. I saw an incorrect charge on my account. Can you help? The invoice amount is incorrect. It doesn't match with my records. I saw an incorrect charge on my account. Can you help? The invoice amount is incorrect. It doesn't match with my records. I was incorrect on my recent purchase. Please rectify this. I was incorrect on my recent purchase. Please rectify this. I saw an incorrect charge on my account. Can you help? I was incorrect on my recent purchase. Please rectify this. I hope the weather is good tomorrow.,Billing
I saw an unexpected charge on my account. Can you help? I saw an unexpected charge on my account. Can you help? The invoice amount is unexpected. It doesn't match with my records. I was unexpected on my recent purchase. Please rectify this. The invoice amount is unexpected. It doesn't match with my records. I was unexpected on my recent purchase. Please rectify this. The invoice amount is unexpected. It doesn't match with my records. I saw an unexpected charge on my account. Can you help? I saw an unexpected charge on my account. Can you help? I was unexpected on my recent purchase. Please rectify this. I'm just adding this sentence for noise.,Billing
